{"cameraMode":{"drawMode":0,"name":"Shaded","section":"Shading Mode"},"sceneLighting":true,"audioPlay":false,"sceneViewState":{"showFog":true,"showMaterialUpdate":false,"showSkybox":true,"showFlares":true,"showImageEffects":true,"showParticleSystems":true},"in2DMode":false,"pivot":{"x":1.1150912046432496,"y":3.1487889289855959,"z":-9.603130340576172},"rotation":{"x":-0.14566491544246674,"y":0.5975815057754517,"z":-0.11153755336999893,"w":-0.7805975079536438},"size":9.66215991973877,"orthographic":false}