{"cameraMode":{"drawMode":0,"name":"Shaded","section":"Shading Mode"},"sceneLighting":false,"audioPlay":false,"sceneViewState":{"showFog":true,"showMaterialUpdate":false,"showSkybox":true,"showFlares":true,"showImageEffects":true,"showParticleSystems":true},"in2DMode":false,"pivot":{"x":34.53691482543945,"y":4.8502197265625,"z":-18.097806930541993},"rotation":{"x":0.018260708078742029,"y":0.6977026462554932,"z":-0.01779494807124138,"w":0.7159364819526672},"size":37.32976531982422,"orthographic":false}