{"cameraMode":{"drawMode":0,"name":"Shaded","section":"Shading Mode"},"sceneLighting":true,"audioPlay":false,"sceneViewState":{"showFog":true,"showMaterialUpdate":false,"showSkybox":false,"showFlares":true,"showImageEffects":true,"showParticleSystems":true},"in2DMode":false,"pivot":{"x":14.634328842163086,"y":5.306784629821777,"z":-1.9261112213134766},"rotation":{"x":0.05183544382452965,"y":0.038937684148550037,"z":-0.0020226093474775554,"w":0.997894823551178},"size":0.12844663858413697,"orthographic":false}