{"cameraMode":{"drawMode":0,"name":"Shaded","section":"Shading Mode"},"sceneLighting":true,"audioPlay":false,"sceneViewState":{"showFog":true,"showMaterialUpdate":false,"showSkybox":true,"showFlares":true,"showImageEffects":true,"showParticleSystems":true},"in2DMode":false,"pivot":{"x":17.256488800048829,"y":0.22406382858753205,"z":42.44231414794922},"rotation":{"x":-0.17637605965137483,"y":-0.3910042643547058,"z":0.07662015408277512,"w":-0.900102436542511},"size":7.446621894836426,"orthographic":false}